{"translate": [0.2913534641265869, 0.28809237480163574, 0.2879674434661865], "translate_and_scope": [1.1090013980865479, 1.1273057460784912, 1.1148934364318848], "plan_unscoped": [17.220704555511475, 18.339715719223022, 17.375886917114258], "plan_scoped": [4.248253107070923, 4.220078945159912]}