{"translate": [0.31721973419189453], "translate_and_scope": [1.1087291240692139], "plan_unscoped": [0.014596223831176758], "plan_scoped": []}