{"scope": [0.33382511138916016, 0.3290679454803467, 0.32884764671325684], "plan_unscoped": [0.003152608871459961, 0.003021717071533203, 0.0032303333282470703], "plan_scoped": [0.0023088455200195312, 0.002251148223876953]}